date,total_trips,percentage_within_15min,percentage_15_to_30min,percentage_above30min,percentage_Customer,percentage_Subscriber,percentage_Female,percentage_Male
2020-06-01,46138,0.47045819064545497,0.3210802375482249,0.20846157180632016,0.1917291603450518,0.8082708396549482,0.3419740777666999,0.6580259222333
2020-06-02,40581,0.4531677385968803,0.3279120770804071,0.2189201843227126,0.17924644538084325,0.8207535546191568,0.3482171459550036,0.6517828540449964
2020-06-03,25915,0.5144510901022574,0.3054987459000579,0.18005016399768473,0.1399575535404206,0.8600424464595794,0.3459386455720625,0.6540613544279374
2020-06-04,35301,0.47018498059545055,0.3123140987507436,0.21750092065380583,0.17452763377807995,0.8254723662219201,0.3602447522733067,0.6397552477266932
2020-06-05,29935,0.5333890095206281,0.293903457491231,0.17270753298814098,0.14357775179555704,0.856422248204443,0.3414397862034408,0.6585602137965592
2020-06-06,47607,0.37439872287688786,0.349675467893377,0.27592580922973514,0.2558027180876762,0.7441972819123238,0.38756905497090766,0.6124309450290923
2020-06-07,67316,0.36258838909026087,0.35749301800463484,0.2799185929051043,0.2681086220215105,0.7318913779784895,0.38922395864281895,0.610776041357181
2020-06-08,53557,0.4674272270664899,0.3212465223966988,0.21132625053681126,0.19317736243628283,0.8068226375637172,0.35384730287357397,0.646152697126426
2020-06-09,53906,0.47254480020776907,0.3260490483434126,0.20140615144881832,0.19981078173116165,0.8001892182688384,0.35244685192742925,0.6475531480725707
2020-06-10,54992,0.4717049752691301,0.32104669770148386,0.2072483270293861,0.1984106779167879,0.8015893220832121,0.3564700320046552,0.6435299679953448
2020-06-11,39526,0.5359510195820473,0.29939786469665536,0.16465111572129737,0.155062490512574,0.844937509487426,0.3281131407175024,0.6718868592824976
2020-06-12,62502,0.46681706185402067,0.3258135739656331,0.20736936418034624,0.21458513327573517,0.7854148667242649,0.36002047934466097,0.639979520655339
2020-06-13,73712,0.3858666160191014,0.3556815715215976,0.25845181245930104,0.2943211417408292,0.7056788582591709,0.39463045365747773,0.6053695463425223
2020-06-14,65564,0.3868738942102373,0.35691843084619607,0.2562076749435666,0.2840278201452016,0.7159721798547983,0.39360014642181684,0.6063998535781832
2020-06-15,50689,0.4977213991201247,0.3162619108682357,0.18601669001163962,0.18564185523486357,0.8143581447651365,0.3515358361774744,0.6484641638225256
2020-06-16,57551,0.4859689666556619,0.32256607183194036,0.1914649615123977,0.19638233914267345,0.8036176608573266,0.35215721707702735,0.6478427829229727
2020-06-17,56393,0.5008955012146897,0.3165641125671626,0.18254038621814764,0.18979305942226873,0.8102069405777312,0.3556115120671005,0.6443884879328995
2020-06-18,54697,0.508949302521162,0.31217434228568297,0.178876355193155,0.18911457666782455,0.8108854233321754,0.35362085671974697,0.646379143280253
2020-06-19,68114,0.45914202660246056,0.3329711953489738,0.20788677804856565,0.2295563320315941,0.7704436679684059,0.3720086913116246,0.6279913086883754
2020-06-20,67368,0.41400961881011755,0.3459802873767961,0.24001009381308633,0.27743142144638405,0.722568578553616,0.37880002375014843,0.6211999762498516
2020-06-21,60259,0.41797905707031313,0.34282015964420254,0.23920078328548433,0.27549411706135185,0.7245058829386481,0.3800096251182396,0.6199903748817603
2020-06-22,53088,0.508834388185654,0.3120102471368294,0.17915536467751658,0.1867842073538276,0.8132157926461724,0.34275165762507537,0.6572483423749247
2020-06-23,59686,0.5085447173541534,0.3140770029822739,0.1773782796635727,0.19651174479777503,0.803488255202225,0.3475354354454981,0.652464564554502
2020-06-24,59184,0.50794133549608,0.3149499864828332,0.1771086780210868,0.19030481211138145,0.8096951878886185,0.3465801567991349,0.6534198432008651
2020-06-25,61468,0.5039207392464372,0.3198249495672545,0.17625431118630833,0.19351532504717903,0.806484674952821,0.34735146743020756,0.6526485325697924
2020-06-26,63859,0.49045553485021687,0.32008017663915816,0.18946428851062497,0.20136550838566217,0.7986344916143379,0.3486431043392474,0.6513568956607526
2020-06-27,50597,0.4790600233215408,0.3244065853706741,0.19653339130778505,0.2179575864181671,0.7820424135818329,0.3539340277091527,0.6460659722908473
2020-06-28,58894,0.43384725099331,0.3341426970489354,0.23201005195775462,0.24788603253302544,0.7521139674669746,0.36871328148877647,0.6312867185112235
2020-06-29,54596,0.5171807458421862,0.30819107626932374,0.17462817788849,0.1772107846728698,0.8227892153271302,0.34028133929225585,0.6597186607077441
2020-06-30,57987,0.5285322572300688,0.30751720213151224,0.16395054063841896,0.16710642040457344,0.8328935795954265,0.335799403314536,0.664200596685464
2020-07-01,56393,0.537034738354051,0.3039561647722235,0.15900909687372547,0.16737893000904366,0.8326210699909563,0.3330555210753108,0.6669444789246892
2020-07-02,64241,0.5137995983873227,0.31497019037686214,0.17123021123581514,0.19528027272302734,0.8047197272769726,0.3434411045905263,0.6565588954094737
2020-07-03,51228,0.5198719450300617,0.30772233934567034,0.17240571562426799,0.20318966190364646,0.7968103380963536,0.35980323260716796,0.640196767392832
2020-07-04,59131,0.4293348666520099,0.33777544773469076,0.23288968561329929,0.2776377872858568,0.7223622127141431,0.37430451032453366,0.6256954896754663
2020-07-05,54414,0.47017311721248206,0.32798544492226267,0.20184143786525527,0.25362958062263385,0.7463704193773661,0.3630499503804168,0.6369500496195832
2020-07-06,41140,0.5709528439474963,0.28648517258142925,0.14256198347107438,0.15631988332523092,0.843680116674769,0.32143898881866795,0.678561011181332
2020-07-07,60535,0.5432064095151565,0.30359296274882297,0.15320062773602047,0.16625092921450402,0.833749070785496,0.33603700338647063,0.6639629966135294
2020-07-08,56603,0.5596523152483084,0.29740473119799304,0.14294295355369857,0.15665247425048143,0.8433475257495185,0.3359185908874088,0.6640814091125913
2020-07-09,67437,0.5304061568575115,0.3094591989560627,0.16013464418642584,0.17878909204146093,0.8212109079585391,0.3412814923558284,0.6587185076441716
2020-07-10,20760,0.6353082851637765,0.25746628131021193,0.10722543352601156,0.12740847784200385,0.8725915221579962,0.2906551059730251,0.7093448940269749
2020-07-11,57556,0.5063937730210577,0.3131906317325735,0.18041559524636874,0.20475710612273265,0.7952428938772673,0.35825978177774687,0.6417402182222531
2020-07-12,70982,0.45574934490434194,0.3375503648812375,0.20670029021442055,0.24841509114986898,0.7515849088501311,0.3782226479952664,0.6217773520047336
2020-07-13,61168,0.5473613654198274,0.2980970442061208,0.1545415903740518,0.1681598221292179,0.8318401778707821,0.34483716976196704,0.655162830238033
2020-07-14,68239,0.5318952505165667,0.30856255220621637,0.15954219727721683,0.17334661996805345,0.8266533800319465,0.34537434604844736,0.6546256539515527
2020-07-15,69486,0.5404541922113807,0.3059465216014737,0.1535992861871456,0.17468266989033762,0.8253173301096624,0.3499841694729874,0.6500158305270126
2020-07-16,69889,0.540657328048763,0.3050980841047947,0.1542445878464422,0.17752436005666128,0.8224756399433387,0.3473364907210004,0.6526635092789996
2020-07-17,60922,0.5582712320672335,0.2979875906897344,0.14374117724303206,0.1602212665375398,0.8397787334624602,0.3389744263156167,0.6610255736843833
2020-07-18,66342,0.4849115190980073,0.32525398691628227,0.18983449398571042,0.21547436013385185,0.7845256398661481,0.3687256941304151,0.6312743058695849
2020-07-19,56256,0.502186433447099,0.31777943686006827,0.18003412969283278,0.2212386234357224,0.7787613765642776,0.3641567121729238,0.6358432878270762
2020-07-20,51820,0.5821111539945967,0.28139714395986104,0.13649170204554226,0.1430142802006947,0.8569857197993053,0.33274797375530685,0.6672520262446932
2020-07-21,62874,0.5547125998027802,0.3001558672901358,0.145131532907084,0.15185927410376307,0.8481407258962369,0.3370232528549162,0.6629767471450838
2020-07-22,46834,0.5891232865012598,0.28220950591450655,0.12866720758423367,0.13355681769654523,0.8664431823034547,0.3279241576632361,0.6720758423367639
2020-07-23,58147,0.5783273427691884,0.2884585619206494,0.13321409531016218,0.12604261612808915,0.8739573838719108,0.33238172218687123,0.6676182778131288
2020-07-24,58412,0.5728617407382045,0.28754365541327126,0.13959460384852426,0.14976374717523797,0.850236252824762,0.3303088406491817,0.6696911593508184
2020-07-25,72362,0.4756363837373207,0.3293717697133855,0.19499184654929383,0.2291119648434261,0.7708880351565739,0.36971062159697077,0.6302893784030292
2020-07-26,60821,0.5039871097153944,0.31763700037815884,0.1783758899064468,0.2155012249058713,0.7844987750941287,0.36105950247447427,0.6389404975255257
2020-07-27,55408,0.5785987583020502,0.28553638463759745,0.13586485706035228,0.1463687554143806,0.8536312445856195,0.33199177014149583,0.6680082298585042
2020-07-28,62102,0.5667933399890502,0.29148819683746097,0.14171846317348877,0.15405300956490933,0.8459469904350907,0.3327912144536408,0.6672087855463592
2020-07-29,67576,0.5582455309577364,0.29753166804782766,0.1442228009944359,0.1621433645081094,0.8378566354918906,0.33754587427489047,0.6624541257251095
2020-07-30,63182,0.5776012155360704,0.28887974423095186,0.13351904023297775,0.13666867145706055,0.8633313285429395,0.3287645215409452,0.6712354784590548
2020-07-31,60982,0.5690039683841134,0.2903479715325834,0.14064806008330327,0.15294677117838051,0.8470532288216195,0.3360499819618904,0.6639500180381096
2020-08-01,74802,0.4695462688163418,0.3295767492847785,0.2008769818988797,0.25030079409641454,0.7496992059035855,0.36647415844496134,0.6335258415550387
2020-08-02,59518,0.51387815450788,0.30960381733257164,0.17651802815954837,0.22317618199536274,0.7768238180046373,0.35355690715413823,0.6464430928458618
2020-08-03,59834,0.5667847712003209,0.28935053648427317,0.14386469231540597,0.16226560149747635,0.8377343985025236,0.3333221913961961,0.6666778086038039
2020-08-04,40178,0.5877345811140425,0.2738563392901588,0.1384090795957987,0.1432375927124297,0.8567624072875704,0.3064861366917218,0.6935138633082782
2020-08-05,72338,0.5482733832840277,0.3010036218861456,0.15072299482982665,0.175274406259504,0.824725593740496,0.33741601924299813,0.6625839807570019
2020-08-06,69976,0.5516034068823596,0.2999742768949354,0.14842231622270494,0.1733165656796616,0.8266834343203384,0.3383588658968789,0.6616411341031211
2020-08-07,52602,0.5808714497547621,0.28312611687768524,0.13600243336755258,0.16495570510626972,0.8350442948937302,0.32175582677464737,0.6782441732253526
2020-08-08,75717,0.4685737681101998,0.326941109658333,0.20448512223146717,0.2485439201236182,0.7514560798763817,0.3621775823130869,0.6378224176869132
2020-08-09,69384,0.4774155424881817,0.3237201660325147,0.1988642914793036,0.24698777816211231,0.7530122218378877,0.3662227602905569,0.6337772397094431
2020-08-10,61268,0.5735783769667689,0.2833616243389698,0.14305999869426128,0.16395181824116994,0.8360481817588301,0.33647254684337663,0.6635274531566233
2020-08-11,66343,0.5610388435856082,0.29443950379090483,0.14452165262348704,0.17085449859065766,0.8291455014093424,0.3345793829039989,0.6654206170960011
2020-08-12,58863,0.5880943886652057,0.2812123065423101,0.13069330479248426,0.15058695615242174,0.8494130438475783,0.3252637480250752,0.6747362519749248
2020-08-13,55655,0.5820680981043931,0.2869463660048513,0.13098553589075554,0.1518461953103944,0.8481538046896056,0.31804869283981674,0.6819513071601833
2020-08-14,72604,0.546801829100325,0.30312379483224067,0.1500743760674343,0.1845077406203515,0.8154922593796485,0.3397058013332599,0.6602941986667401
2020-08-15,77462,0.4732643102424415,0.3302006144948491,0.19653507526270947,0.25745526838966204,0.742544731610338,0.3653404249825721,0.634659575017428
2020-08-16,33050,0.5723146747352497,0.2786081694402421,0.1490771558245083,0.19443267776096823,0.8055673222390318,0.3053857791225416,0.6946142208774584
2020-08-17,62504,0.565675796749008,0.29026942275694356,0.14405478049404838,0.16538141558940228,0.8346185844105978,0.33257071547420963,0.6674292845257903
2020-08-18,71656,0.5447834096237579,0.3033381712626996,0.15187841911354247,0.1715278553086971,0.8284721446913029,0.3390365077592944,0.6609634922407056
2020-08-19,63100,0.5693660855784469,0.28759112519809826,0.14304278922345484,0.15426307448494453,0.8457369255150554,0.3301109350237718,0.6698890649762281
2020-08-20,69673,0.5437400427712313,0.2999009659408953,0.15635899128787334,0.17267808189686104,0.8273219181031389,0.34245690583152727,0.6575430941684728
2020-08-21,73587,0.5415630478209467,0.30437441395898734,0.15406253822006605,0.18458423362822238,0.8154157663717776,0.34519684183347604,0.6548031581665239
2020-08-22,72629,0.4820250863979953,0.3234382959974666,0.19453661760453814,0.25046469041292047,0.7495353095870796,0.36554268955926694,0.6344573104407331
2020-08-23,68789,0.4852083908764483,0.31827763159807526,0.19651397752547645,0.23878817834246754,0.7612118216575324,0.36735524575150097,0.632644754248499
2020-08-24,63032,0.571360578753649,0.2856326945043787,0.14300672674197235,0.1567457799213098,0.8432542200786902,0.33457608833608327,0.6654239116639167
2020-08-25,63804,0.5848536141934675,0.28553068773117674,0.12961569807535578,0.14856435333207949,0.8514356466679205,0.32592000501535956,0.6740799949846404
2020-08-26,77787,0.555761245452325,0.2953192692866417,0.14891948526103332,0.15991103911964724,0.8400889608803528,0.3418308971936185,0.6581691028063815
2020-08-27,61781,0.5879639371327754,0.2846020621226591,0.12743400074456548,0.14701931014389538,0.8529806898561046,0.3247924119065732,0.6752075880934267
2020-08-28,68597,0.5733632666151581,0.2906978439290348,0.1359388894558071,0.16932227356881496,0.830677726431185,0.32972287417817103,0.670277125821829
2020-08-29,60694,0.5367581639041751,0.30055689194978086,0.1626849441460441,0.20474841005700728,0.7952515899429927,0.34186245757406003,0.6581375424259399
2020-08-30,77212,0.45922913536755944,0.32840750142464903,0.21236336320779153,0.24343366316116666,0.7565663368388333,0.36745583588043307,0.6325441641195669
2020-08-31,67135,0.5698368958069562,0.28993818425560436,0.1402249199374395,0.15083041632531466,0.8491695836746853,0.33154092500186194,0.6684590749981381
2020-09-01,68036,0.572079487330237,0.28952319360338646,0.13839731906637662,0.15021459227467812,0.8497854077253219,0.33360279851843144,0.6663972014815686
2020-09-02,62255,0.5942976467753595,0.2764918480443338,0.1292105051803068,0.14251064171552486,0.8574893582844751,0.3238776001927556,0.6761223998072444
2020-09-03,63567,0.5956707096449415,0.2799408498120094,0.12438844054304907,0.14496515487595765,0.8550348451240424,0.33260968741642677,0.6673903125835732
2020-09-04,74246,0.547383024001293,0.3015111925221561,0.15110578347655093,0.1810737278775961,0.8189262721224039,0.3455539692374,0.6544460307626
2020-09-05,75199,0.46912857883748454,0.32956555273341404,0.20130586842910145,0.2638598917538797,0.7361401082461203,0.37469913163738877,0.6253008683626112
2020-09-06,68984,0.45685956163748115,0.3315696393366578,0.21157079902586107,0.29113997448683754,0.7088600255131625,0.3744781398585179,0.625521860141482
2020-09-07,71227,0.4764485377735971,0.32041220323753633,0.2031392589888666,0.26379041655551966,0.7362095834444803,0.3688910104314375,0.6311089895685624
2020-09-08,70830,0.5724269377382465,0.2905972045743329,0.13697585768742057,0.1557955668502047,0.8442044331497953,0.3329803755470846,0.6670196244529154
2020-09-09,75433,0.5826495035329365,0.2891042381981361,0.12824625826892738,0.14456537589649093,0.8554346241035091,0.33587421950605173,0.6641257804939482
2020-09-10,47621,0.6385208206463535,0.258814388610067,0.10266479074357951,0.13095063102412802,0.869049368975872,0.3085613489846916,0.6914386510153083
2020-09-11,83576,0.5551474107399254,0.30174930602086725,0.14310328323920743,0.17417679716665072,0.8258232028333493,0.33805159375897387,0.6619484062410261
2020-09-12,85966,0.48169043575367004,0.3237791685084801,0.19453039573784986,0.2478305376544215,0.7521694623455785,0.3682153409487472,0.6317846590512528
2020-09-13,72158,0.5030072895590233,0.31618115801435737,0.18081155242661937,0.22755619612516978,0.7724438038748302,0.36348014080212865,0.6365198591978714
2020-09-14,71122,0.5907454795984365,0.28258485419420154,0.126669666207362,0.14967239391468182,0.8503276060853182,0.33161328421585445,0.6683867157841455
2020-09-15,75769,0.5963652681175678,0.28406076363684357,0.11957396824558857,0.1491243120537423,0.8508756879462577,0.3324446673441645,0.6675553326558354
2020-09-16,77687,0.5926216741539768,0.28729388443368903,0.12008444141233411,0.14289392047575528,0.8571060795242448,0.3288967266080554,0.6711032733919446
2020-09-17,78165,0.5943580886586068,0.2893878334292842,0.116254077912109,0.1489157551333717,0.8510842448666283,0.3284078551781488,0.6715921448218511
2020-09-18,78696,0.5892421469960354,0.28658381620412726,0.12417403679983735,0.16618379587272541,0.8338162041272745,0.3332952119548643,0.6667047880451358
2020-09-19,76389,0.49254473811674454,0.3221929859011114,0.18526227598214404,0.24930291010485803,0.750697089895142,0.3664009215986595,0.6335990784013406
2020-09-20,66006,0.5053479986667879,0.31875890070599644,0.17589310062721572,0.2319031603187589,0.7680968396812411,0.36478501954367787,0.6352149804563221
2020-09-21,64919,0.6018576995948798,0.28041097367488715,0.11773132673023307,0.14416426623946765,0.8558357337605323,0.3233259908501363,0.6766740091498638
2020-09-22,74589,0.5963748005738112,0.2871737119414391,0.11645148748474976,0.14691174301840754,0.8530882569815924,0.3302899891404899,0.6697100108595101
2020-09-23,80965,0.5801025134317298,0.29496696103254494,0.12493052553572531,0.15370839251528437,0.8462916074847157,0.3338726610263694,0.6661273389736306
2020-09-24,77631,0.5876776030194123,0.2940320232896652,0.11829037369092243,0.15209130373175664,0.8479086962682434,0.33216112120158187,0.6678388787984182
2020-09-25,82380,0.57011410536538,0.2970138383102695,0.13287205632435056,0.17592862345229424,0.8240713765477058,0.3345593590677349,0.6654406409322651
2020-09-26,83944,0.4985347374440103,0.3223101115029067,0.179155151053083,0.25826741637281997,0.74173258362718,0.3622176689221386,0.6377823310778614
2020-09-27,74300,0.5197846567967699,0.30855989232839837,0.17165545087483175,0.24113055181695828,0.7588694481830417,0.3664199192462988,0.6335800807537012
2020-09-28,69523,0.5962055722566633,0.27681486702242425,0.12697956072091252,0.15702717086431828,0.8429728291356817,0.3299195949541878,0.6700804050458122
2020-09-29,54501,0.6497495458798921,0.25799526614190565,0.09225518797820223,0.11898864241023101,0.881011357589769,0.3104897157850315,0.6895102842149685
2020-09-30,76808,0.6063300697843974,0.2792417456514946,0.1144281845641079,0.14580512446620145,0.8541948755337986,0.3250052077908551,0.6749947922091448
2020-10-01,80151,0.5984080048907686,0.2841386882259735,0.11745330688325785,0.1461616199423588,0.8538383800576412,0.327756359870744,0.672243640129256
2020-10-02,71651,0.6070536349806702,0.27530669495191973,0.11763967006741008,0.15998381041436965,0.8400161895856304,0.3208608393462757,0.6791391606537243
2020-10-03,80537,0.5054074524752599,0.31792840557756064,0.17666414194717955,0.24177707140817264,0.7582229285918274,0.36021952642884636,0.6397804735711536
2020-10-04,68420,0.5297427652733119,0.3039023677287343,0.16635486699795382,0.2277696579947384,0.7722303420052616,0.36786027477345806,0.6321397252265419
2020-10-05,67808,0.6104736904200094,0.2773124115148655,0.11221389806512506,0.1440980415290231,0.8559019584709768,0.3247994336951392,0.6752005663048608
2020-10-06,76506,0.6032598750424804,0.28166418320131753,0.11507594175620213,0.13966224871251928,0.8603377512874807,0.32739915823595533,0.6726008417640447
2020-10-07,72609,0.6244129515624784,0.2710820972606702,0.10450495117685135,0.1366497266179124,0.8633502733820876,0.32140643721852663,0.6785935627814734
2020-10-08,74788,0.616943894742472,0.274963897951543,0.10809220730598491,0.13880569075252713,0.8611943092474729,0.32376851901374554,0.6762314809862544
2020-10-09,77504,0.5950531585466556,0.28242413294797686,0.12252270850536746,0.16289481833195707,0.8371051816680429,0.3312603220478943,0.6687396779521058
2020-10-10,79138,0.49660087442189593,0.3213753190629028,0.18202380651520128,0.24850261568399504,0.751497384316005,0.35841188809421515,0.6415881119057849
2020-10-11,64344,0.5472460524679846,0.29228832525177173,0.1604656222802437,0.22687430063409175,0.7731256993659082,0.3533041153798334,0.6466958846201666
2020-10-12,15052,0.7434228009566834,0.18768269997342546,0.06889449906989105,0.10164762157852777,0.8983523784214722,0.24422003720435823,0.7557799627956417
2020-10-13,47439,0.6639052256582137,0.24823457492780202,0.08786019941398428,0.10731676468728261,0.8926832353127174,0.2946099201079281,0.7053900798920719
2020-10-14,79411,0.6078628905315384,0.2776567478057196,0.11448036166274193,0.13520796866932794,0.8647920313306721,0.33020614272581883,0.6697938572741812
2020-10-15,81982,0.597984923519797,0.28395257495547804,0.11806250152472494,0.1468493083847674,0.8531506916152326,0.3268644336561684,0.6731355663438316
2020-10-16,28148,0.7069063521386955,0.220406423191701,0.07268722466960352,0.11070058263464544,0.8892994173653546,0.2740159158732414,0.7259840841267586
2020-10-17,75561,0.5254694882280542,0.30887627215097735,0.16565423962096848,0.22037823745053664,0.7796217625494634,0.3597093738833525,0.6402906261166474
2020-10-18,66138,0.5392361426109045,0.3001905107502495,0.16057334663884604,0.21068069793462155,0.7893193020653785,0.36057939459917143,0.6394206054008286
2020-10-19,66397,0.6232661114206968,0.26969591999638537,0.1070379685829179,0.1283943551666491,0.8716056448333509,0.32338810488425684,0.6766118951157432
2020-10-20,68910,0.6229574807720215,0.27181831374256277,0.10522420548541576,0.12716586852416195,0.8728341314758381,0.3215208242635321,0.6784791757364679
2020-10-21,75934,0.622751336687123,0.2705902494271341,0.10665841388574288,0.13164063528854006,0.8683593647114599,0.322780309215898,0.6772196907841019
2020-10-22,75641,0.6216337700453458,0.2725770415515395,0.10578918840311471,0.1352969950159305,0.8647030049840695,0.32368688938538626,0.6763131106146137
2020-10-23,77186,0.6202549685176069,0.27131863291270436,0.1084263985696888,0.15175031741507528,0.8482496825849247,0.31833493120514084,0.6816650687948591
2020-10-24,77265,0.546211091697405,0.2982074678056041,0.15558144049699088,0.21943959101792532,0.7805604089820747,0.3467158480553938,0.6532841519446062
2020-10-25,53858,0.5956960897174051,0.27565078539864085,0.1286531248839541,0.19131791005978685,0.8086820899402132,0.3439043410449701,0.65609565895503
2020-10-26,47125,0.676816976127321,0.23821750663129973,0.08496551724137931,0.10711936339522546,0.8928806366047746,0.2913527851458886,0.7086472148541114
2020-10-27,71079,0.6523023677879543,0.25388652063197287,0.09381111158007288,0.11940235512598658,0.8805976448740134,0.31684463765669185,0.6831553623433082
2020-10-28,57124,0.6604229395700582,0.24833695119389398,0.09124010923604789,0.11748126881871017,0.8825187311812899,0.3054057839086899,0.6945942160913101
2020-10-29,17477,0.735194827487555,0.19774560851404704,0.0670595639983979,0.08731475653716313,0.9126852434628369,0.2561080276935401,0.7438919723064599
2020-10-30,36082,0.7002937752896181,0.22221606341111913,0.0774901612992628,0.11132974890527132,0.8886702510947286,0.27936367163682724,0.7206363283631727
2020-10-31,58749,0.5992782855878398,0.2714939828763043,0.12922773153585593,0.17426679603057074,0.8257332039694293,0.3376227680471157,0.6623772319528842
2020-11-01,29092,0.6583596865117558,0.23583803107383472,0.10580228241440946,0.14124157844080848,0.8587584215591916,0.3016636876117146,0.6983363123882854
2020-11-02,46920,0.7052642796248935,0.2223145780051151,0.07242114236999148,0.09170929241261722,0.9082907075873827,0.2926044330775789,0.7073955669224211
2020-11-03,56856,0.6794709441395806,0.23563036442943577,0.08489869143098354,0.10797453215140003,0.8920254678485999,0.30885042915435484,0.6911495708456452
2020-11-04,59453,0.6518930920222696,0.2499957949977293,0.09811111298000101,0.11366962138159555,0.8863303786184045,0.3193446924461339,0.6806553075538662
2020-11-05,67838,0.6312686105132816,0.2649400041274802,0.10379138535923818,0.1236769951944338,0.8763230048055662,0.320130310445473,0.679869689554527
2020-11-06,73444,0.6148902565219759,0.27159468438538203,0.113515059092642,0.14496759435760578,0.8550324056423942,0.3234981754806383,0.6765018245193617
2020-11-07,83309,0.4846655223325211,0.3183329532223409,0.197001524445138,0.23160762942779292,0.7683923705722071,0.35526773817954843,0.6447322618204516
2020-11-08,73026,0.5040122696026073,0.31076602853778107,0.18522170185961165,0.227206748281434,0.7727932517185659,0.36347328348807273,0.6365267165119273
2020-11-09,68599,0.6178224172364029,0.26716132888234523,0.11501625388125192,0.13539555970203648,0.8646044402979636,0.329902768261928,0.670097231738072
2020-11-10,76040,0.6171094160967912,0.27155444502893217,0.1113361388742767,0.13244345081536033,0.8675565491846396,0.3288269331930563,0.6711730668069438
2020-11-11,42399,0.6785773249369089,0.23755277247104883,0.08386990259204226,0.11325738814594684,0.8867426118540531,0.3067053468242176,0.6932946531757824
2020-11-12,37380,0.7145799892990904,0.2169876939539861,0.06843231674692349,0.10018726591760299,0.899812734082397,0.2815676832530765,0.7184323167469235
2020-11-13,44223,0.6740157836419962,0.24064400877371503,0.08534020758428872,0.11785722361667006,0.8821427763833299,0.2849422246342401,0.7150577753657599
2020-11-14,65159,0.558034960634755,0.2888779754139873,0.15308706395125768,0.19549102963520004,0.8045089703648,0.34609186758544486,0.6539081324145551
2020-11-15,45098,0.6171892323384629,0.26236196727127586,0.12044880039026121,0.16357709876269458,0.8364229012373054,0.3346711605836179,0.6653288394163821
2020-11-16,52931,0.6563072679526175,0.25128941452079123,0.09240331752659123,0.10570365192420321,0.8942963480757968,0.30781583571064214,0.6921841642893578
2020-11-17,50497,0.692080717666396,0.23201378299700973,0.07590549933659425,0.09380755292393607,0.906192447076064,0.3019387290334079,0.6980612709665921
2020-11-18,41014,0.7177792948749208,0.21836446091578485,0.0638562442092944,0.07575462037353099,0.924245379626469,0.29555761447310674,0.7044423855268933
2020-11-19,47422,0.6944877904769938,0.2299354729872211,0.07557673653578507,0.08759647421028215,0.9124035257897178,0.29865885032263506,0.7013411496773649
2020-11-20,61661,0.6343393717260505,0.25958061011011824,0.10608001816383127,0.12427628484779682,0.8757237151522032,0.3174291691668964,0.6825708308331035
2020-11-21,64916,0.5419619200197178,0.29743052560231686,0.16060755437796537,0.19375808737445313,0.8062419126255469,0.34549263663811697,0.654507363361883
2020-11-22,40596,0.6268105232042566,0.25541925312838704,0.11777022366735639,0.1474036850921273,0.8525963149078727,0.33096856833185534,0.6690314316681447
2020-11-23,39244,0.6930231372948731,0.22681174192233208,0.08016512078279482,0.09484252369789012,0.9051574763021099,0.29255427581286314,0.7074457241871368
2020-11-24,48805,0.6765700235631595,0.23839770515316053,0.08503227128367995,0.09804323327527917,0.9019567667247208,0.30353447392685173,0.6964655260731483
2020-11-25,51692,0.6676855219376305,0.24181691557687843,0.09049756248549098,0.11053934844850268,0.8894606515514973,0.30364466455157474,0.6963553354484253
2020-11-26,26594,0.590396329999248,0.2641197262540423,0.14548394374670978,0.16736857937880725,0.8326314206211928,0.30514401744754455,0.6948559825524554
2020-11-27,46329,0.585918107448898,0.2729391957521207,0.1411426967989812,0.1783763949146323,0.8216236050853677,0.3219365839970645,0.6780634160029355
2020-11-28,46537,0.583019962610396,0.2752433547499839,0.14173668263962008,0.18372477813352817,0.8162752218664718,0.3335625416335389,0.6664374583664612
2020-11-29,46133,0.5906184293239113,0.27004530379554764,0.13933626688054104,0.16588992695033924,0.8341100730496608,0.3388247024906249,0.6611752975093751
2020-11-30,21647,0.7352981937450916,0.1972559708042685,0.06744583545063981,0.0809811983184737,0.9190188016815263,0.2534300364946644,0.7465699635053356
2020-12-01,49044,0.6971902781176087,0.22697985482423946,0.07582986705815187,0.08977652720006525,0.9102234727999348,0.29862980181061904,0.701370198189381
2020-12-02,43752,0.7196242457487658,0.21571585298957763,0.0646599012616566,0.0778707259096727,0.9221292740903273,0.29100383982446515,0.7089961601755348
2020-12-03,48688,0.6909505422280644,0.23229543213933618,0.0767540256325994,0.08864607295432139,0.9113539270456786,0.3002587906671048,0.6997412093328952
2020-12-04,37140,0.7158050619278407,0.2167474421109316,0.06744749596122779,0.08785675821217016,0.9121432417878298,0.2877490576198169,0.712250942380183
2020-12-05,28455,0.6857494289228606,0.2281848532771042,0.08606571780003515,0.12078720787207872,0.8792127921279212,0.29249692496924967,0.7075030750307503
2020-12-06,36235,0.6587553470401546,0.24020974196219125,0.1010349109976542,0.12407892921208775,0.8759210707879123,0.3239133434524631,0.676086656547537
2020-12-07,38785,0.7150702591207941,0.21701688797215418,0.0679128529070517,0.07257960551759701,0.927420394482403,0.29168492974087923,0.7083150702591208
2020-12-08,38509,0.7201693110701395,0.21407982549533874,0.0657508634345218,0.0694642810771508,0.9305357189228493,0.28795865901477574,0.7120413409852242
2020-12-09,34660,0.7292844777841893,0.21113675706866705,0.059578765147143685,0.06341604154645124,0.9365839584535488,0.2835545297172533,0.7164454702827467
2020-12-10,48000,0.69025,0.23366666666666666,0.07608333333333334,0.085875,0.914125,0.29383333333333334,0.7061666666666666
2020-12-11,54466,0.6607057613924283,0.24806301178716997,0.09123122682040172,0.10825101898432049,0.8917489810156795,0.30308816509382,0.69691183490618
2020-12-12,47082,0.6309842402616711,0.25982328703113716,0.1091924727071917,0.14512977358650864,0.8548702264134913,0.3144301431544964,0.6855698568455035
2020-12-13,53095,0.5799981165834824,0.2803277144740559,0.13967416894246162,0.16289669460401168,0.8371033053959883,0.33871362651850456,0.6612863734814954
2020-12-14,24027,0.7424980230573938,0.19940067424147834,0.0581013027011279,0.06913056145170017,0.9308694385482998,0.2675739792733175,0.7324260207266825
2020-12-15,41738,0.71349849058412,0.2180746561886051,0.0684268532272749,0.07321864967176195,0.926781350328238,0.2968278307537496,0.7031721692462505
2020-12-16,24748,0.754323581703572,0.19084370454178115,0.05483271375464684,0.05745918862130273,0.9425408113786973,0.28333602715370937,0.7166639728462907
2020-12-17,161,0.6273291925465838,0.2236024844720497,0.14906832298136646,0.13043478260869565,0.8695652173913043,0.14285714285714285,0.8571428571428572
2020-12-18,13971,0.6291604036933648,0.2717056760432324,0.09913392026340276,0.06735380430892564,0.9326461956910743,0.23097845537184167,0.7690215446281583
2020-12-19,15362,0.6266762140346309,0.26617627913032155,0.10714750683504752,0.08892071344876969,0.9110792865512303,0.2565421169118604,0.7434578830881395
2020-12-20,14989,0.6696243912202282,0.23490559743812128,0.09547001134165055,0.08065915004336513,0.9193408499566349,0.2573887517512843,0.7426112482487157
2020-12-21,29202,0.6822135470173276,0.23388808985685913,0.0838983631258133,0.06492705979042532,0.9350729402095747,0.2631669063762756,0.7368330936237244
2020-12-22,34618,0.6944653070656883,0.2273961522907158,0.07813854064359582,0.07239008608238488,0.9276099139176152,0.2715350395747877,0.7284649604252122
2020-12-23,37187,0.6969639927931804,0.225724043348482,0.07731196385833759,0.07564471455078388,0.9243552854492161,0.2832172533412214,0.7167827466587786
2020-12-24,29483,0.687650510463657,0.21860054946918564,0.09374894006715734,0.0837431740324933,0.9162568259675067,0.2769731709798867,0.7230268290201133
2020-12-25,10384,0.635593220338983,0.23516949152542374,0.1292372881355932,0.12297765793528505,0.877022342064715,0.27503852080123264,0.7249614791987673
2020-12-26,17890,0.6898826159865847,0.22124091671324764,0.0888764673001677,0.10637227501397428,0.8936277249860257,0.28429290106204586,0.7157070989379541
2020-12-27,21190,0.6636149126946673,0.2315714959886739,0.10481359131665881,0.11156205757432751,0.8884379424256725,0.30910806984426614,0.6908919301557339
2020-12-28,34858,0.6723277296459923,0.23087956853519995,0.09679270181880774,0.09848528314877503,0.901514716851225,0.2968902404039245,0.7031097595960756
2020-12-29,30292,0.7063251023372508,0.21616268321669088,0.07751221444605837,0.07889871913376469,0.9211012808662353,0.2846956292090321,0.7153043707909679
2020-12-30,32649,0.7005727587368679,0.21813838096113203,0.08128886030200005,0.07816472173726607,0.9218352782627339,0.289166590094643,0.710833409905357
2020-12-31,23731,0.7016982006657958,0.2112426783532089,0.08705912098099532,0.08882895790316464,0.9111710420968354,0.2812355147275715,0.7187644852724284
